{
  "properties": {
    "activities": [
      {
        "type": "Copy",
        "typeProperties": {
          "source": {
            "type": "JsonSource",
            "storeSettings": {
              "type": "LakehouseReadSettings",
              "recursive": true,
              "enablePartitionDiscovery": false
            },
            "formatSettings": {
              "type": "JsonReadSettings"
            },
            "datasetSettings": {
              "type": "Json",
              "typeProperties": {
                "location": {
                  "type": "LakehouseLocation",
                  "fileName": "api_data.json"
                }
              },
              "schema": {},
              "linkedService": {
                "properties": {
                  "type": "Lakehouse",
                  "typeProperties": {
                    "artifactId": "20c27087-efa2-4b17-9d7a-29b3ce27898e",
                    "workspaceId": "00000000-0000-0000-0000-000000000000",
                    "rootFolder": "Files"
                  },
                  "annotations": []
                },
                "name": "LH_Fabricassessment"
              },
              "annotations": []
            }
          },
          "sink": {
            "type": "LakehouseTableSink",
            "tableActionOption": "Append",
            "partitionOption": "None",
            "datasetSettings": {
              "type": "LakehouseTable",
              "typeProperties": {
                "table": "bronze_api_data"
              },
              "schema": [],
              "linkedService": {
                "properties": {
                  "type": "Lakehouse",
                  "typeProperties": {
                    "artifactId": "20c27087-efa2-4b17-9d7a-29b3ce27898e",
                    "workspaceId": "00000000-0000-0000-0000-000000000000",
                    "rootFolder": "Tables"
                  },
                  "annotations": []
                },
                "name": "LH_Fabricassessment"
              },
              "annotations": []
            }
          },
          "translator": {
            "type": "TabularTranslator",
            "typeConversion": true,
            "typeConversionSettings": {
              "allowDataTruncation": true,
              "treatBooleanAsNumber": false
            },
            "columnFlattenSettings": {
              "treatArrayAsString": false,
              "treatStructAsString": false,
              "flattenColumnDelimiter": "."
            }
          },
          "enableStaging": false
        },
        "policy": {
          "timeout": "0.12:00:00",
          "retry": 0,
          "retryIntervalInSeconds": 30,
          "secureInput": false,
          "secureOutput": false
        },
        "name": "Copy Data from API Source",
        "dependsOn": []
      },
      {
        "type": "Copy",
        "typeProperties": {
          "source": {
            "type": "DelimitedTextSource",
            "storeSettings": {
              "type": "LakehouseReadSettings",
              "recursive": true,
              "enablePartitionDiscovery": false
            },
            "formatSettings": {
              "type": "DelimitedTextReadSettings"
            },
            "datasetSettings": {
              "type": "DelimitedText",
              "typeProperties": {
                "location": {
                  "type": "LakehouseLocation",
                  "fileName": "crm_data.csv"
                },
                "columnDelimiter": ",",
                "quoteChar": "\"",
                "escapeChar": "\\",
                "firstRowAsHeader": true
              },
              "schema": [],
              "linkedService": {
                "properties": {
                  "type": "Lakehouse",
                  "typeProperties": {
                    "artifactId": "20c27087-efa2-4b17-9d7a-29b3ce27898e",
                    "workspaceId": "00000000-0000-0000-0000-000000000000",
                    "rootFolder": "Files"
                  },
                  "annotations": []
                },
                "name": "LH_Fabricassessment"
              },
              "annotations": []
            }
          },
          "sink": {
            "type": "LakehouseTableSink",
            "tableActionOption": "Append",
            "datasetSettings": {
              "type": "LakehouseTable",
              "typeProperties": {
                "table": "bronze_crm_data"
              },
              "schema": [],
              "linkedService": {
                "properties": {
                  "type": "Lakehouse",
                  "typeProperties": {
                    "artifactId": "20c27087-efa2-4b17-9d7a-29b3ce27898e",
                    "workspaceId": "00000000-0000-0000-0000-000000000000",
                    "rootFolder": "Tables"
                  },
                  "annotations": []
                },
                "name": "LH_Fabricassessment"
              },
              "annotations": []
            }
          },
          "translator": {
            "type": "TabularTranslator",
            "typeConversion": true,
            "typeConversionSettings": {
              "allowDataTruncation": true,
              "treatBooleanAsNumber": false
            }
          },
          "enableStaging": false
        },
        "policy": {
          "timeout": "0.12:00:00",
          "retry": 0,
          "retryIntervalInSeconds": 30,
          "secureInput": false,
          "secureOutput": false
        },
        "name": "Copy Data from CRM Source",
        "dependsOn": []
      },
      {
        "type": "Copy",
        "typeProperties": {
          "source": {
            "type": "DelimitedTextSource",
            "storeSettings": {
              "type": "LakehouseReadSettings",
              "recursive": true,
              "enablePartitionDiscovery": false
            },
            "formatSettings": {
              "type": "DelimitedTextReadSettings"
            },
            "datasetSettings": {
              "type": "DelimitedText",
              "typeProperties": {
                "location": {
                  "type": "LakehouseLocation",
                  "fileName": "erp_data.csv"
                },
                "columnDelimiter": ",",
                "quoteChar": "\"",
                "escapeChar": "\\",
                "firstRowAsHeader": true
              },
              "schema": [],
              "linkedService": {
                "properties": {
                  "type": "Lakehouse",
                  "typeProperties": {
                    "artifactId": "20c27087-efa2-4b17-9d7a-29b3ce27898e",
                    "workspaceId": "00000000-0000-0000-0000-000000000000",
                    "rootFolder": "Files"
                  },
                  "annotations": []
                },
                "name": "LH_Fabricassessment"
              },
              "annotations": []
            }
          },
          "sink": {
            "type": "LakehouseTableSink",
            "tableActionOption": "Append",
            "datasetSettings": {
              "type": "LakehouseTable",
              "typeProperties": {
                "table": "bronze_erp_data"
              },
              "schema": [],
              "linkedService": {
                "properties": {
                  "type": "Lakehouse",
                  "typeProperties": {
                    "artifactId": "20c27087-efa2-4b17-9d7a-29b3ce27898e",
                    "workspaceId": "00000000-0000-0000-0000-000000000000",
                    "rootFolder": "Tables"
                  },
                  "annotations": []
                },
                "name": "LH_Fabricassessment"
              },
              "annotations": []
            }
          },
          "translator": {
            "type": "TabularTranslator",
            "typeConversion": true,
            "typeConversionSettings": {
              "allowDataTruncation": true,
              "treatBooleanAsNumber": false
            }
          },
          "enableStaging": false
        },
        "policy": {
          "timeout": "0.12:00:00",
          "retry": 0,
          "retryIntervalInSeconds": 30,
          "secureInput": false,
          "secureOutput": false
        },
        "name": "Copy Data from ERP Source",
        "dependsOn": []
      }
    ]
  }
}