{
  "name": "{{Dataset_Name}}",
  "compatibilityLevel": 1604,
  "model": {
    "name": "{{Dataset_Name}}",
    "culture": "en-US",
    "collation": "Latin1_General_100_BIN2_UTF8",
    "dataAccessOptions": {
      "legacyRedirects": true,
      "returnErrorValuesAsNull": true
    },
    "defaultPowerBIDataSourceVersion": "powerBI_V3",
    "sourceQueryCulture": "en-US",
    "tables": [
      {
        "name": "api_data",
        "sourceLineageTag": "[dbo].[api_data]",
        "columns": [
          {
            "name": "id",
            "dataType": "int64",
            "sourceColumn": "id",
            "formatString": "0",
            "sourceProviderType": "int",
            "sourceLineageTag": "id",
            "summarizeBy": "sum",
            "annotations": [
              {
                "name": "SummarizationSetBy",
                "value": "Automatic"
              }
            ]
          },
          {
            "name": "name",
            "dataType": "string",
            "sourceColumn": "name",
            "sourceProviderType": "varchar",
            "sourceLineageTag": "name",
            "summarizeBy": "none",
            "annotations": [
              {
                "name": "SummarizationSetBy",
                "value": "Automatic"
              }
            ]
          },
          {
            "name": "latitude",
            "dataType": "int64",
            "sourceColumn": "latitude",
            "formatString": "0",
            "sourceProviderType": "decimal",
            "sourceLineageTag": "latitude",
            "summarizeBy": "sum",
            "annotations": [
              {
                "name": "SummarizationSetBy",
                "value": "Automatic"
              }
            ]
          },
          {
            "name": "longitude",
            "dataType": "int64",
            "sourceColumn": "longitude",
            "formatString": "0",
            "sourceProviderType": "decimal",
            "sourceLineageTag": "longitude",
            "summarizeBy": "sum",
            "annotations": [
              {
                "name": "SummarizationSetBy",
                "value": "Automatic"
              }
            ]
          }
        ],
        "partitions": [
          {
            "name": "{{Dataset_Name}}",
            "mode": "directLake",
            "source": {
              "type": "entity",
              "entityName": "api_data",
              "expressionSource": "DatabaseQuery",
              "schemaName": "dbo"
            }
          }
        ],
        "annotations": [
          {
            "name": "IsTableInBiModel",
            "value": "False"
          }
        ]
      },
      {
        "name": "crm_data",
        "sourceLineageTag": "[dbo].[crm_data]",
        "columns": [
          {
            "name": "Customer_id",
            "dataType": "int64",
            "sourceColumn": "Customer_id",
            "formatString": "0",
            "sourceProviderType": "int",
            "sourceLineageTag": "Customer_id",
            "summarizeBy": "sum",
            "annotations": [
              {
                "name": "SummarizationSetBy",
                "value": "Automatic"
              }
            ]
          },
          {
            "name": "customer_name",
            "dataType": "string",
            "sourceColumn": "customer_name",
            "sourceProviderType": "varchar",
            "sourceLineageTag": "customer_name",
            "summarizeBy": "none",
            "annotations": [
              {
                "name": "SummarizationSetBy",
                "value": "Automatic"
              }
            ]
          },
          {
            "name": "customer_email",
            "dataType": "string",
            "sourceColumn": "customer_email",
            "sourceProviderType": "varchar",
            "sourceLineageTag": "customer_email",
            "summarizeBy": "none",
            "annotations": [
              {
                "name": "SummarizationSetBy",
                "value": "Automatic"
              }
            ]
          },
          {
            "name": "phone_number",
            "dataType": "string",
            "sourceColumn": "phone_number",
            "sourceProviderType": "varchar",
            "sourceLineageTag": "phone_number",
            "summarizeBy": "none",
            "annotations": [
              {
                "name": "SummarizationSetBy",
                "value": "Automatic"
              }
            ]
          },
          {
            "name": "purchase_date",
            "dataType": "dateTime",
            "sourceColumn": "purchase_date",
            "formatString": "General Date",
            "sourceProviderType": "date",
            "sourceLineageTag": "purchase_date",
            "summarizeBy": "none",
            "annotations": [
              {
                "name": "SummarizationSetBy",
                "value": "Automatic"
              }
            ]
          },
          {
            "name": "amount",
            "dataType": "int64",
            "sourceColumn": "amount",
            "formatString": "0",
            "sourceProviderType": "decimal",
            "sourceLineageTag": "amount",
            "summarizeBy": "sum",
            "annotations": [
              {
                "name": "SummarizationSetBy",
                "value": "Automatic"
              }
            ]
          }
        ],
        "partitions": [
          {
            "name": "{{Dataset_Name}}",
            "mode": "directLake",
            "source": {
              "type": "entity",
              "entityName": "crm_data",
              "expressionSource": "DatabaseQuery",
              "schemaName": "dbo"
            }
          }
        ],
        "annotations": [
          {
            "name": "IsTableInBiModel",
            "value": "False"
          }
        ]
      },
      {
        "name": "customer_data",
        "sourceLineageTag": "[crm].[customer_data]",
        "columns": [
          {
            "name": "customer_id",
            "dataType": "string",
            "sourceColumn": "customer_id",
            "sourceProviderType": "varchar",
            "sourceLineageTag": "customer_id",
            "summarizeBy": "none",
            "annotations": [
              {
                "name": "SummarizationSetBy",
                "value": "Automatic"
              }
            ]
          },
          {
            "name": "customer_name",
            "dataType": "string",
            "sourceColumn": "customer_name",
            "sourceProviderType": "varchar",
            "sourceLineageTag": "customer_name",
            "summarizeBy": "none",
            "annotations": [
              {
                "name": "SummarizationSetBy",
                "value": "Automatic"
              }
            ]
          },
          {
            "name": "contact_email",
            "dataType": "string",
            "sourceColumn": "contact_email",
            "sourceProviderType": "varchar",
            "sourceLineageTag": "contact_email",
            "summarizeBy": "none",
            "annotations": [
              {
                "name": "SummarizationSetBy",
                "value": "Automatic"
              }
            ]
          },
          {
            "name": "phone_number",
            "dataType": "string",
            "sourceColumn": "phone_number",
            "sourceProviderType": "varchar",
            "sourceLineageTag": "phone_number",
            "summarizeBy": "none",
            "annotations": [
              {
                "name": "SummarizationSetBy",
                "value": "Automatic"
              }
            ]
          },
          {
            "name": "purchase_date",
            "dataType": "string",
            "sourceColumn": "purchase_date",
            "sourceProviderType": "varchar",
            "sourceLineageTag": "purchase_date",
            "summarizeBy": "none",
            "annotations": [
              {
                "name": "SummarizationSetBy",
                "value": "Automatic"
              }
            ]
          },
          {
            "name": "amount",
            "dataType": "string",
            "sourceColumn": "amount",
            "sourceProviderType": "varchar",
            "sourceLineageTag": "amount",
            "summarizeBy": "none",
            "annotations": [
              {
                "name": "SummarizationSetBy",
                "value": "Automatic"
              }
            ]
          }
        ],
        "partitions": [
          {
            "name": "{{Dataset_Name}}",
            "mode": "directLake",
            "source": {
              "type": "entity",
              "entityName": "customer_data",
              "expressionSource": "DatabaseQuery",
              "schemaName": "crm"
            }
          }
        ],
        "annotations": [
          {
            "name": "IsTableInBiModel",
            "value": "False"
          }
        ]
      },
      {
        "name": "erp_data",
        "sourceLineageTag": "[dbo].[erp_data]",
        "columns": [
          {
            "name": "product_id",
            "dataType": "int64",
            "sourceColumn": "product_id",
            "formatString": "0",
            "sourceProviderType": "int",
            "sourceLineageTag": "product_id",
            "summarizeBy": "sum",
            "annotations": [
              {
                "name": "SummarizationSetBy",
                "value": "Automatic"
              }
            ]
          },
          {
            "name": "product_name",
            "dataType": "string",
            "sourceColumn": "product_name",
            "sourceProviderType": "varchar",
            "sourceLineageTag": "product_name",
            "summarizeBy": "none",
            "annotations": [
              {
                "name": "SummarizationSetBy",
                "value": "Automatic"
              }
            ]
          },
          {
            "name": "category",
            "dataType": "string",
            "sourceColumn": "category",
            "sourceProviderType": "varchar",
            "sourceLineageTag": "category",
            "summarizeBy": "none",
            "annotations": [
              {
                "name": "SummarizationSetBy",
                "value": "Automatic"
              }
            ]
          },
          {
            "name": "price",
            "dataType": "int64",
            "sourceColumn": "price",
            "formatString": "0",
            "sourceProviderType": "decimal",
            "sourceLineageTag": "price",
            "summarizeBy": "sum",
            "annotations": [
              {
                "name": "SummarizationSetBy",
                "value": "Automatic"
              }
            ]
          },
          {
            "name": "stock_quantity",
            "dataType": "int64",
            "sourceColumn": "stock_quantity",
            "formatString": "0",
            "sourceProviderType": "int",
            "sourceLineageTag": "stock_quantity",
            "summarizeBy": "sum",
            "annotations": [
              {
                "name": "SummarizationSetBy",
                "value": "Automatic"
              }
            ]
          }
        ],
        "partitions": [
          {
            "name": "{{Dataset_Name}}",
            "mode": "directLake",
            "source": {
              "type": "entity",
              "entityName": "erp_data",
              "expressionSource": "DatabaseQuery",
              "schemaName": "dbo"
            }
          }
        ],
        "annotations": [
          {
            "name": "IsTableInBiModel",
            "value": "False"
          }
        ]
      },
      {
        "name": "geography",
        "sourceLineageTag": "[api].[geography]",
        "columns": [
          {
            "name": "id",
            "dataType": "int64",
            "sourceColumn": "id",
            "formatString": "0",
            "sourceProviderType": "bigint",
            "sourceLineageTag": "id",
            "summarizeBy": "sum",
            "annotations": [
              {
                "name": "SummarizationSetBy",
                "value": "Automatic"
              }
            ]
          },
          {
            "name": "name",
            "dataType": "string",
            "sourceColumn": "name",
            "sourceProviderType": "varchar",
            "sourceLineageTag": "name",
            "summarizeBy": "none",
            "annotations": [
              {
                "name": "SummarizationSetBy",
                "value": "Automatic"
              }
            ]
          },
          {
            "name": "latitude",
            "dataType": "string",
            "sourceColumn": "latitude",
            "sourceProviderType": "varchar",
            "sourceLineageTag": "latitude",
            "summarizeBy": "none",
            "annotations": [
              {
                "name": "SummarizationSetBy",
                "value": "Automatic"
              }
            ]
          },
          {
            "name": "longitude",
            "dataType": "string",
            "sourceColumn": "longitude",
            "sourceProviderType": "varchar",
            "sourceLineageTag": "longitude",
            "summarizeBy": "none",
            "annotations": [
              {
                "name": "SummarizationSetBy",
                "value": "Automatic"
              }
            ]
          }
        ],
        "partitions": [
          {
            "name": "{{Dataset_Name}}",
            "mode": "directLake",
            "source": {
              "type": "entity",
              "entityName": "geography",
              "expressionSource": "DatabaseQuery",
              "schemaName": "api"
            }
          }
        ],
        "annotations": [
          {
            "name": "IsTableInBiModel",
            "value": "False"
          }
        ]
      },
      {
        "name": "product_data",
        "sourceLineageTag": "[erp].[product_data]",
        "columns": [
          {
            "name": "product_id",
            "dataType": "string",
            "sourceColumn": "product_id",
            "sourceProviderType": "varchar",
            "sourceLineageTag": "product_id",
            "summarizeBy": "none",
            "annotations": [
              {
                "name": "SummarizationSetBy",
                "value": "Automatic"
              }
            ]
          },
          {
            "name": "product_name",
            "dataType": "string",
            "sourceColumn": "product_name",
            "sourceProviderType": "varchar",
            "sourceLineageTag": "product_name",
            "summarizeBy": "none",
            "annotations": [
              {
                "name": "SummarizationSetBy",
                "value": "Automatic"
              }
            ]
          },
          {
            "name": "category",
            "dataType": "string",
            "sourceColumn": "category",
            "sourceProviderType": "varchar",
            "sourceLineageTag": "category",
            "summarizeBy": "none",
            "annotations": [
              {
                "name": "SummarizationSetBy",
                "value": "Automatic"
              }
            ]
          },
          {
            "name": "price",
            "dataType": "string",
            "sourceColumn": "price",
            "sourceProviderType": "varchar",
            "sourceLineageTag": "price",
            "summarizeBy": "none",
            "annotations": [
              {
                "name": "SummarizationSetBy",
                "value": "Automatic"
              }
            ]
          },
          {
            "name": "stock_quantity",
            "dataType": "string",
            "sourceColumn": "stock_quantity",
            "sourceProviderType": "varchar",
            "sourceLineageTag": "stock_quantity",
            "summarizeBy": "none",
            "annotations": [
              {
                "name": "SummarizationSetBy",
                "value": "Automatic"
              }
            ]
          }
        ],
        "partitions": [
          {
            "name": "{{Dataset_Name}}",
            "mode": "directLake",
            "source": {
              "type": "entity",
              "entityName": "product_data",
              "expressionSource": "DatabaseQuery",
              "schemaName": "erp"
            }
          }
        ],
        "annotations": [
          {
            "name": "IsTableInBiModel",
            "value": "False"
          }
        ]
      }
    ],
    "expressions": [
      {
        "name": "DatabaseQuery",
        "kind": "m",
        "expression": "let\n    database = {{TDS_Endpoint}}\nin\n    database\n"
      }
    ],
    "annotations": [
      {
        "name": "__PBI_TimeIntelligenceEnabled",
        "value": "0"
      },
      {
        "name": "PBI_QueryOrder",
        "value": "[\"exec_requests_history\",\"long_running_queries\",\"frequently_run_queries\",\"exec_sessions_history\",\"crm_data\",\"erp_data\",\"api_data\",\"geography\",\"product_data\",\"customer_data\"]"
      },
      {
        "name": "SourceLineageTagType",
        "value": "DatabaseFullyQualifiedName"
      }
    ]
  }
}