{
  "properties": {
    "activities": [
      {
        "type": "Copy",
        "typeProperties": {
          "source": {
            "type": "LakehouseTableSource",
            "datasetSettings": {
              "type": "LakehouseTable",
              "typeProperties": {
                "table": "bronze_crm_data"
              },
              "schema": [],
              "linkedService": {
                "properties": {
                  "type": "Lakehouse",
                  "typeProperties": {
                    "artifactId": "20c27087-efa2-4b17-9d7a-29b3ce27898e",
                    "workspaceId": "00000000-0000-0000-0000-000000000000",
                    "rootFolder": "Tables"
                  },
                  "annotations": []
                },
                "name": "LH_Fabricassessment"
              },
              "annotations": []
            }
          },
          "sink": {
            "type": "DataWarehouseSink",
            "allowCopyCommand": true,
            "copyCommandSettings": {},
            "tableOption": "autoCreate",
            "datasetSettings": {
              "type": "DataWarehouseTable",
              "typeProperties": {
                "schema": "crm",
                "table": "customer_data"
              },
              "schema": [],
              "linkedService": {
                "properties": {
                  "type": "DataWarehouse",
                  "typeProperties": {
                    "artifactId": "f9dd4521-f49b-4f9f-9894-47325575d55b",
                    "endpoint": "fi374tfeg74ejensl6xtijj4mi-lgfyvrlg6nwejknpkfjmcdvf44.datawarehouse.fabric.microsoft.com",
                    "workspaceId": "c58a8b59-f366-446c-a9af-5152c10ea5e7"
                  },
                  "annotations": []
                },
                "name": "WH_Fabricassessment"
              },
              "annotations": []
            }
          },
          "translator": {
            "type": "TabularTranslator",
            "typeConversion": true,
            "typeConversionSettings": {
              "allowDataTruncation": true,
              "treatBooleanAsNumber": false
            }
          },
          "enableStaging": true
        },
        "policy": {
          "timeout": "0.12:00:00",
          "retry": 0,
          "retryIntervalInSeconds": 30,
          "secureInput": false,
          "secureOutput": false
        },
        "name": "Copy Data from LH to WH CRM Data",
        "dependsOn": []
      },
      {
        "type": "Copy",
        "typeProperties": {
          "source": {
            "type": "LakehouseTableSource",
            "datasetSettings": {
              "type": "LakehouseTable",
              "typeProperties": {
                "table": "bronze_api_data"
              },
              "schema": [],
              "linkedService": {
                "properties": {
                  "type": "Lakehouse",
                  "typeProperties": {
                    "artifactId": "20c27087-efa2-4b17-9d7a-29b3ce27898e",
                    "workspaceId": "00000000-0000-0000-0000-000000000000",
                    "rootFolder": "Tables"
                  },
                  "annotations": []
                },
                "name": "LH_Fabricassessment"
              },
              "annotations": []
            }
          },
          "sink": {
            "type": "DataWarehouseSink",
            "allowCopyCommand": true,
            "copyCommandSettings": {},
            "tableOption": "autoCreate",
            "datasetSettings": {
              "type": "DataWarehouseTable",
              "typeProperties": {
                "schema": "api",
                "table": "geography"
              },
              "schema": [],
              "linkedService": {
                "properties": {
                  "type": "DataWarehouse",
                  "typeProperties": {
                    "artifactId": "f9dd4521-f49b-4f9f-9894-47325575d55b",
                    "endpoint": "fi374tfeg74ejensl6xtijj4mi-lgfyvrlg6nwejknpkfjmcdvf44.datawarehouse.fabric.microsoft.com",
                    "workspaceId": "c58a8b59-f366-446c-a9af-5152c10ea5e7"
                  },
                  "annotations": []
                },
                "name": "WH_Fabricassessment"
              },
              "annotations": []
            }
          },
          "translator": {
            "type": "TabularTranslator",
            "typeConversion": true,
            "typeConversionSettings": {
              "allowDataTruncation": true,
              "treatBooleanAsNumber": false
            }
          },
          "enableStaging": true
        },
        "policy": {
          "timeout": "0.12:00:00",
          "retry": 0,
          "retryIntervalInSeconds": 30,
          "secureInput": false,
          "secureOutput": false
        },
        "name": "Copy Data from LH to WH API Data",
        "dependsOn": []
      },
      {
        "type": "Copy",
        "typeProperties": {
          "source": {
            "type": "LakehouseTableSource",
            "datasetSettings": {
              "type": "LakehouseTable",
              "typeProperties": {
                "table": "bronze_erp_data"
              },
              "schema": [],
              "linkedService": {
                "properties": {
                  "type": "Lakehouse",
                  "typeProperties": {
                    "artifactId": "20c27087-efa2-4b17-9d7a-29b3ce27898e",
                    "workspaceId": "00000000-0000-0000-0000-000000000000",
                    "rootFolder": "Tables"
                  },
                  "annotations": []
                },
                "name": "LH_Fabricassessment"
              },
              "annotations": []
            }
          },
          "sink": {
            "type": "DataWarehouseSink",
            "allowCopyCommand": true,
            "copyCommandSettings": {},
            "tableOption": "autoCreate",
            "datasetSettings": {
              "type": "DataWarehouseTable",
              "typeProperties": {
                "schema": "erp",
                "table": "product_data"
              },
              "schema": [],
              "linkedService": {
                "properties": {
                  "type": "DataWarehouse",
                  "typeProperties": {
                    "artifactId": "f9dd4521-f49b-4f9f-9894-47325575d55b",
                    "endpoint": "fi374tfeg74ejensl6xtijj4mi-lgfyvrlg6nwejknpkfjmcdvf44.datawarehouse.fabric.microsoft.com",
                    "workspaceId": "c58a8b59-f366-446c-a9af-5152c10ea5e7"
                  },
                  "annotations": []
                },
                "name": "WH_Fabricassessment"
              },
              "annotations": []
            }
          },
          "translator": {
            "type": "TabularTranslator",
            "typeConversion": true,
            "typeConversionSettings": {
              "allowDataTruncation": true,
              "treatBooleanAsNumber": false
            }
          },
          "enableStaging": true
        },
        "policy": {
          "timeout": "0.12:00:00",
          "retry": 0,
          "retryIntervalInSeconds": 30,
          "secureInput": false,
          "secureOutput": false
        },
        "name": "Copy Data from LH to WH ERP Data_copy1",
        "dependsOn": []
      }
    ]
  }
}